{"type": "metrics", "dataset": "train", "precision": 0.7415123456790124, "balanced_accuracy": 0.6827139432377308, "recall": 0.4066003807911995, "f1_score": 0.5252083617980599}
{"type": "metrics", "dataset": "test", "precision": 0.6471127406049496, "balanced_accuracy": 0.6577664794548812, "recall": 0.36982713462545835, "f1_score": 0.4706666666666667}
{"type": "cm_matrix", "dataset": "train", "true_0": {"predicted_0": 15603, "predicted_1": 670}, "true_1": {"predicted_0": 2805, "predicted_1": 1922}}
{"type": "cm_matrix", "dataset": "test", "true_0": {"predicted_0": 6706, "predicted_1": 385}, "true_1": {"predicted_0": 1203, "predicted_1": 706}}
